{
	"__comment": "Blugon0921",
	"textures": {
		"voxels_atlas": "block/cake_slice1",
		"particle": "block/cake_inner"
	},
	"elements": [ 	 
		{
			"__comment": "Voxels",
			"from": [ 3, 0, 2 ],
			"to": [ 13, 1, 14 ],
			"faces": {
				"down": { "uv": [ 0, 13, 2.5, 16 ], "texture": "#voxels_atlas" },
				"up": { "uv": [ 0, 13, 2.5, 10 ], "texture": "#voxels_atlas" },
				"north": { "uv": [ 5, 8.75, 2.5, 9 ], "texture": "#voxels_atlas" },
				"south": { "uv": [ 2.5, 8.5, 5, 8.75 ], "texture": "#voxels_atlas" },
				"west": { "uv": [ 9.25, 15.75, 12.25, 16 ], "texture": "#voxels_atlas" },
				"east": { "uv": [ 15.25, 15.75, 12.25, 16 ], "texture": "#voxels_atlas" }
			}
		},
		{
			"__comment": "Voxels",
			"from": [ 3, 1, 2 ],
			"to": [ 5, 8, 3 ],
			"faces": {
				"down": { "uv": [ 7.25, 8.75, 7.75, 9 ], "texture": "#voxels_atlas" },
				"up": { "uv": [ 6.75, 9, 7.25, 8.75 ], "texture": "#voxels_atlas" },
				"north": { "uv": [ 7.5, 10.75, 7, 12.5 ], "texture": "#voxels_atlas" },
				"south": { "uv": [ 6.5, 10.75, 7, 12.5 ], "texture": "#voxels_atlas" },
				"west": { "uv": [ 7.5, 10.75, 7.75, 12.5 ], "texture": "#voxels_atlas" },
				"east": { "uv": [ 11, 9.25, 10.75, 11 ], "texture": "#voxels_atlas" }
			}
		},
		{
			"__comment": "Voxels",
			"from": [ 3, 1, 3 ],
			"to": [ 4, 8, 14 ],
			"faces": {
				"down": { "uv": [ 9.25, 13, 9.5, 15.75 ], "texture": "#voxels_atlas" },
				"up": { "uv": [ 9.25, 13, 9.5, 10.25 ], "texture": "#voxels_atlas" },
				"north": { "uv": [ 10.5, 11, 10.25, 12.75 ], "texture": "#voxels_atlas" },
				"south": { "uv": [ 10.25, 12.75, 10.5, 14.5 ], "texture": "#voxels_atlas" },
				"west": { "uv": [ 5, 14.25, 7.75, 16 ], "texture": "#voxels_atlas" },
				"east": { "uv": [ 7.75, 12.5, 5, 14.25 ], "texture": "#voxels_atlas" }
			}
		},
		{
			"__comment": "Voxels",
			"from": [ 4, 1, 13 ],
			"to": [ 5, 8, 14 ],
			"faces": {
				"down": { "uv": [ 7.5, 8.5, 7.75, 8.75 ], "texture": "#voxels_atlas" },
				"up": { "uv": [ 6.75, 8.25, 7, 8 ], "texture": "#voxels_atlas" },
				"north": { "uv": [ 10.75, 9.25, 10.5, 11 ], "texture": "#voxels_atlas" },
				"south": { "uv": [ 10.5, 11, 10.75, 12.75 ], "texture": "#voxels_atlas" },
				"west": { "uv": [ 10, 9.25, 10.25, 11 ], "texture": "#voxels_atlas" },
				"east": { "uv": [ 10.25, 11, 10, 12.75 ], "texture": "#voxels_atlas" }
			}
		},
		{
			"__comment": "Voxels",
			"from": [ 4, 5, 5 ],
			"to": [ 5, 6, 13 ],
			"faces": {
				"down": { "uv": [ 9.75, 10.75, 10, 12.75 ], "texture": "#voxels_atlas" },
				"up": { "uv": [ 9.75, 14.75, 10, 12.75 ], "texture": "#voxels_atlas" },
				"north": { "uv": [ 7.75, 10.5, 7.5, 10.75 ], "texture": "#voxels_atlas" },
				"south": { "uv": [ 7.25, 8.25, 7.5, 8.5 ], "texture": "#voxels_atlas" },
				"west": { "uv": [ 11.5, 15, 13.5, 15.25 ], "texture": "#voxels_atlas" },
				"east": { "uv": [ 12, 14.5, 10, 14.75 ], "texture": "#voxels_atlas" }
			}
		},
		{
			"__comment": "Voxels",
			"from": [ 4, 7, 3 ],
			"to": [ 14, 8, 13 ],
			"faces": {
				"down": { "uv": [ 2.5, 13.5, 5, 16 ], "texture": "#voxels_atlas" },
				"up": { "uv": [ 2.5, 13.5, 5, 11 ], "texture": "#voxels_atlas" },
				"north": { "uv": [ 12, 15.5, 9.5, 15.75 ], "texture": "#voxels_atlas" },
				"south": { "uv": [ 2.5, 8, 5, 8.25 ], "texture": "#voxels_atlas" },
				"west": { "uv": [ 2.5, 8.25, 5, 8.5 ], "texture": "#voxels_atlas" },
				"east": { "uv": [ 14.5, 15.5, 12, 15.75 ], "texture": "#voxels_atlas" }
			}
		},
		{
			"__comment": "Voxels",
			"from": [ 5, 0, 1 ],
			"to": [ 11, 8, 2 ],
			"faces": {
				"down": { "uv": [ 7.75, 9, 9.25, 9.25 ], "texture": "#voxels_atlas" },
				"up": { "uv": [ 7.75, 9, 9.25, 8.75 ], "texture": "#voxels_atlas" },
				"north": { "uv": [ 6.5, 10.5, 5, 12.5 ], "texture": "#voxels_atlas" },
				"south": { "uv": [ 2.5, 9, 4, 11 ], "texture": "#voxels_atlas" },
				"west": { "uv": [ 9.25, 8.25, 9.5, 10.25 ], "texture": "#voxels_atlas" },
				"east": { "uv": [ 9.75, 13, 9.5, 15 ], "texture": "#voxels_atlas" }
			}
		},
		{
			"__comment": "Voxels",
			"from": [ 5, 0, 14 ],
			"to": [ 11, 8, 15 ],
			"faces": {
				"down": { "uv": [ 5, 8, 6.5, 8.25 ], "texture": "#voxels_atlas" },
				"up": { "uv": [ 7.75, 9.5, 9.25, 9.25 ], "texture": "#voxels_atlas" },
				"north": { "uv": [ 1.5, 8, 0, 10 ], "texture": "#voxels_atlas" },
				"south": { "uv": [ 5, 8.5, 6.5, 10.5 ], "texture": "#voxels_atlas" },
				"west": { "uv": [ 9.5, 11, 9.75, 13 ], "texture": "#voxels_atlas" },
				"east": { "uv": [ 9.75, 9, 9.5, 11 ], "texture": "#voxels_atlas" }
			}
		},
		{
			"__comment": "Voxels",
			"from": [ 5, 7, 2 ],
			"to": [ 13, 8, 3 ],
			"faces": {
				"down": { "uv": [ 13.75, 14.75, 15.75, 15 ], "texture": "#voxels_atlas" },
				"up": { "uv": [ 13.5, 15.25, 15.5, 15 ], "texture": "#voxels_atlas" },
				"north": { "uv": [ 11.75, 14.75, 9.75, 15 ], "texture": "#voxels_atlas" },
				"south": { "uv": [ 9.5, 15, 11.5, 15.25 ], "texture": "#voxels_atlas" },
				"west": { "uv": [ 7, 8, 7.25, 8.25 ], "texture": "#voxels_atlas" },
				"east": { "uv": [ 7.5, 8.5, 7.25, 8.75 ], "texture": "#voxels_atlas" }
			}
		},
		{
			"__comment": "Voxels",
			"from": [ 5, 7, 13 ],
			"to": [ 13, 8, 14 ],
			"faces": {
				"down": { "uv": [ 13.5, 15.25, 15.5, 15.5 ], "texture": "#voxels_atlas" },
				"up": { "uv": [ 11.5, 15.5, 13.5, 15.25 ], "texture": "#voxels_atlas" },
				"north": { "uv": [ 11.5, 15.25, 9.5, 15.5 ], "texture": "#voxels_atlas" },
				"south": { "uv": [ 11.75, 14.75, 13.75, 15 ], "texture": "#voxels_atlas" },
				"west": { "uv": [ 7.5, 8.25, 7.75, 8.5 ], "texture": "#voxels_atlas" },
				"east": { "uv": [ 7.5, 8, 7.25, 8.25 ], "texture": "#voxels_atlas" }
			}
		},
		{
			"__comment": "Voxels",
			"from": [ 11, 1, 2 ],
			"to": [ 13, 7, 3 ],
			"faces": {
				"down": { "uv": [ 1.5, 8, 2, 8.25 ], "texture": "#voxels_atlas" },
				"up": { "uv": [ 2, 8.25, 2.5, 8 ], "texture": "#voxels_atlas" },
				"north": { "uv": [ 7.5, 9, 7, 10.5 ], "texture": "#voxels_atlas" },
				"south": { "uv": [ 6.5, 9, 7, 10.5 ], "texture": "#voxels_atlas" },
				"west": { "uv": [ 8.25, 9.5, 8.5, 11 ], "texture": "#voxels_atlas" },
				"east": { "uv": [ 8.75, 9.5, 8.5, 11 ], "texture": "#voxels_atlas" }
			}
		},
		{
			"__comment": "Voxels",
			"from": [ 11, 1, 13 ],
			"to": [ 13, 7, 14 ],
			"faces": {
				"down": { "uv": [ 6.5, 10.5, 7, 10.75 ], "texture": "#voxels_atlas" },
				"up": { "uv": [ 7, 10.75, 7.5, 10.5 ], "texture": "#voxels_atlas" },
				"north": { "uv": [ 8.25, 11, 7.75, 12.5 ], "texture": "#voxels_atlas" },
				"south": { "uv": [ 8.25, 11, 8.75, 12.5 ], "texture": "#voxels_atlas" },
				"west": { "uv": [ 11, 13, 11.25, 14.5 ], "texture": "#voxels_atlas" },
				"east": { "uv": [ 7.75, 9, 7.5, 10.5 ], "texture": "#voxels_atlas" }
			}
		},
		{
			"__comment": "Voxels",
			"from": [ 13, 0, 3 ],
			"to": [ 14, 7, 5 ],
			"faces": {
				"down": { "uv": [ 6.75, 8.25, 7, 8.75 ], "texture": "#voxels_atlas" },
				"up": { "uv": [ 7, 8.75, 7.25, 8.25 ], "texture": "#voxels_atlas" },
				"north": { "uv": [ 10, 9, 9.75, 10.75 ], "texture": "#voxels_atlas" },
				"south": { "uv": [ 10, 12.75, 10.25, 14.5 ], "texture": "#voxels_atlas" },
				"west": { "uv": [ 4.5, 9.25, 5, 11 ], "texture": "#voxels_atlas" },
				"east": { "uv": [ 4.5, 9.25, 4, 11 ], "texture": "#voxels_atlas" }
			}
		},
		{
			"__comment": "Voxels",
			"from": [ 13, 0, 5 ],
			"to": [ 15, 1, 11 ],
			"faces": {
				"down": { "uv": [ 7.75, 9.5, 8.25, 11 ], "texture": "#voxels_atlas" },
				"up": { "uv": [ 8.75, 12.5, 9.25, 11 ], "texture": "#voxels_atlas" },
				"north": { "uv": [ 4.5, 9, 4, 9.25 ], "texture": "#voxels_atlas" },
				"south": { "uv": [ 4.5, 9, 5, 9.25 ], "texture": "#voxels_atlas" },
				"west": { "uv": [ 5, 8.25, 6.5, 8.5 ], "texture": "#voxels_atlas" },
				"east": { "uv": [ 9.25, 8.5, 7.75, 8.75 ], "texture": "#voxels_atlas" }
			}
		},
		{
			"__comment": "Voxels",
			"from": [ 13, 0, 11 ],
			"to": [ 14, 7, 13 ],
			"faces": {
				"down": { "uv": [ 6.5, 8.5, 6.75, 9 ], "texture": "#voxels_atlas" },
				"up": { "uv": [ 6.5, 8.5, 6.75, 8 ], "texture": "#voxels_atlas" },
				"north": { "uv": [ 10.5, 9.25, 10.25, 11 ], "texture": "#voxels_atlas" },
				"south": { "uv": [ 10.5, 12.75, 10.75, 14.5 ], "texture": "#voxels_atlas" },
				"west": { "uv": [ 2, 8.25, 2.5, 10 ], "texture": "#voxels_atlas" },
				"east": { "uv": [ 2, 8.25, 1.5, 10 ], "texture": "#voxels_atlas" }
			}
		},
		{
			"__comment": "Voxels",
			"from": [ 14, 1, 5 ],
			"to": [ 15, 8, 11 ],
			"faces": {
				"down": { "uv": [ 8.75, 9.5, 9, 11 ], "texture": "#voxels_atlas" },
				"up": { "uv": [ 9, 11, 9.25, 9.5 ], "texture": "#voxels_atlas" },
				"north": { "uv": [ 11, 12.75, 10.75, 14.5 ], "texture": "#voxels_atlas" },
				"south": { "uv": [ 10.75, 11, 11, 12.75 ], "texture": "#voxels_atlas" },
				"west": { "uv": [ 7.75, 12.5, 9.25, 14.25 ], "texture": "#voxels_atlas" },
				"east": { "uv": [ 9.25, 14.25, 7.75, 16 ], "texture": "#voxels_atlas" }
			}
		}
	]
}