{
	"__comment": "Blugon0921",
	"textures": {
		"voxels_atlas": "block/cake_slice5",
		"particle": "block/cake_inner"
	},
	"elements": [ 	 
		{
			"__comment": "Voxels",
			"from": [ 11, 0, 2 ],
			"to": [ 13, 8, 3 ],
			"faces": {
				"down": { "uv": [ 13, 12.5, 14, 13 ], "texture": "#voxels_atlas" },
				"up": { "uv": [ 10, 13, 11, 12.5 ], "texture": "#voxels_atlas" },
				"north": { "uv": [ 1, 0.5, 0, 4.5 ], "texture": "#voxels_atlas" },
				"south": { "uv": [ 1, 0.5, 2, 4.5 ], "texture": "#voxels_atlas" },
				"west": { "uv": [ 6.5, 6.5, 7, 10.5 ], "texture": "#voxels_atlas" },
				"east": { "uv": [ 7, 2.5, 6.5, 6.5 ], "texture": "#voxels_atlas" }
			}
		},
		{
			"__comment": "Voxels",
			"from": [ 11, 0, 3 ],
			"to": [ 14, 1, 13 ],
			"faces": {
				"down": { "uv": [ 3, 7.5, 4.5, 12.5 ], "texture": "#voxels_atlas" },
				"up": { "uv": [ 3, 7.5, 4.5, 2.5 ], "texture": "#voxels_atlas" },
				"north": { "uv": [ 4.5, 2, 3, 2.5 ], "texture": "#voxels_atlas" },
				"south": { "uv": [ 3, 1.5, 4.5, 2 ], "texture": "#voxels_atlas" },
				"west": { "uv": [ 6.5, 10.5, 11.5, 11 ], "texture": "#voxels_atlas" },
				"east": { "uv": [ 11.5, 12, 6.5, 12.5 ], "texture": "#voxels_atlas" }
			}
		},
		{
			"__comment": "Voxels",
			"from": [ 11, 0, 13 ],
			"to": [ 13, 8, 14 ],
			"faces": {
				"down": { "uv": [ 0, 0, 1, 0.5 ], "texture": "#voxels_atlas" },
				"up": { "uv": [ 15, 13, 16, 12.5 ], "texture": "#voxels_atlas" },
				"north": { "uv": [ 3, 0.5, 2, 4.5 ], "texture": "#voxels_atlas" },
				"south": { "uv": [ 5.5, 8.5, 6.5, 12.5 ], "texture": "#voxels_atlas" },
				"west": { "uv": [ 7, 2.5, 7.5, 6.5 ], "texture": "#voxels_atlas" },
				"east": { "uv": [ 7.5, 6.5, 7, 10.5 ], "texture": "#voxels_atlas" }
			}
		},
		{
			"__comment": "Voxels",
			"from": [ 11, 1, 3 ],
			"to": [ 12, 8, 13 ],
			"faces": {
				"down": { "uv": [ 6, 3.5, 6.5, 8.5 ], "texture": "#voxels_atlas" },
				"up": { "uv": [ 5.5, 8.5, 6, 3.5 ], "texture": "#voxels_atlas" },
				"north": { "uv": [ 15, 12.5, 14.5, 16 ], "texture": "#voxels_atlas" },
				"south": { "uv": [ 14, 12.5, 14.5, 16 ], "texture": "#voxels_atlas" },
				"west": { "uv": [ 5, 12.5, 10, 16 ], "texture": "#voxels_atlas" },
				"east": { "uv": [ 5, 12.5, 0, 16 ], "texture": "#voxels_atlas" }
			}
		},
		{
			"__comment": "Voxels",
			"from": [ 12, 7, 3 ],
			"to": [ 14, 8, 13 ],
			"faces": {
				"down": { "uv": [ 4.5, 7.5, 5.5, 12.5 ], "texture": "#voxels_atlas" },
				"up": { "uv": [ 4.5, 7.5, 5.5, 2.5 ], "texture": "#voxels_atlas" },
				"north": { "uv": [ 13, 12.5, 12, 13 ], "texture": "#voxels_atlas" },
				"south": { "uv": [ 11, 12.5, 12, 13 ], "texture": "#voxels_atlas" },
				"west": { "uv": [ 6.5, 11.5, 11.5, 12 ], "texture": "#voxels_atlas" },
				"east": { "uv": [ 11.5, 11, 6.5, 11.5 ], "texture": "#voxels_atlas" }
			}
		},
		{
			"__comment": "Voxels",
			"from": [ 13, 1, 3 ],
			"to": [ 14, 7, 5 ],
			"faces": {
				"down": { "uv": [ 3, 0.5, 3.5, 1.5 ], "texture": "#voxels_atlas" },
				"up": { "uv": [ 3.5, 1.5, 4, 0.5 ], "texture": "#voxels_atlas" },
				"north": { "uv": [ 15.5, 13, 15, 16 ], "texture": "#voxels_atlas" },
				"south": { "uv": [ 15.5, 13, 16, 16 ], "texture": "#voxels_atlas" },
				"west": { "uv": [ 12, 13, 13, 16 ], "texture": "#voxels_atlas" },
				"east": { "uv": [ 12, 13, 11, 16 ], "texture": "#voxels_atlas" }
			}
		},
		{
			"__comment": "Voxels",
			"from": [ 13, 1, 11 ],
			"to": [ 14, 7, 13 ],
			"faces": {
				"down": { "uv": [ 4, 0.5, 4.5, 1.5 ], "texture": "#voxels_atlas" },
				"up": { "uv": [ 4.5, 2.5, 5, 1.5 ], "texture": "#voxels_atlas" },
				"north": { "uv": [ 6, 0.5, 5.5, 3.5 ], "texture": "#voxels_atlas" },
				"south": { "uv": [ 6, 0.5, 6.5, 3.5 ], "texture": "#voxels_atlas" },
				"west": { "uv": [ 10, 13, 11, 16 ], "texture": "#voxels_atlas" },
				"east": { "uv": [ 14, 13, 13, 16 ], "texture": "#voxels_atlas" }
			}
		},
		{
			"__comment": "Voxels",
			"from": [ 14, 0, 5 ],
			"to": [ 15, 8, 11 ],
			"faces": {
				"down": { "uv": [ 8, 7.5, 8.5, 10.5 ], "texture": "#voxels_atlas" },
				"up": { "uv": [ 8.5, 10.5, 9, 7.5 ], "texture": "#voxels_atlas" },
				"north": { "uv": [ 8, 6.5, 7.5, 10.5 ], "texture": "#voxels_atlas" },
				"south": { "uv": [ 7.5, 2.5, 8, 6.5 ], "texture": "#voxels_atlas" },
				"west": { "uv": [ 0, 4.5, 3, 8.5 ], "texture": "#voxels_atlas" },
				"east": { "uv": [ 3, 8.5, 0, 12.5 ], "texture": "#voxels_atlas" }
			}
		}
	]
}