{
	"__comment": "Blugon0921",
	"textures": {
		"voxels_atlas": "block/cake_slice4",
		"particle": "block/cake_inner"
	},
	"elements": [ 	 
		{
			"__comment": "Voxels",
			"from": [ 9, 0, 1 ],
			"to": [ 11, 8, 2 ],
			"faces": {
				"down": { "uv": [ 15, 12.5, 16, 13 ], "texture": "#voxels_atlas" },
				"up": { "uv": [ 5.5, 1, 6.5, 0.5 ], "texture": "#voxels_atlas" },
				"north": { "uv": [ 4.5, 1.5, 3.5, 5.5 ], "texture": "#voxels_atlas" },
				"south": { "uv": [ 4.5, 5.5, 5.5, 9.5 ], "texture": "#voxels_atlas" },
				"west": { "uv": [ 11.5, 2.5, 12, 6.5 ], "texture": "#voxels_atlas" },
				"east": { "uv": [ 12.5, 2.5, 12, 6.5 ], "texture": "#voxels_atlas" }
			}
		},
		{
			"__comment": "Voxels",
			"from": [ 9, 0, 2 ],
			"to": [ 13, 1, 14 ],
			"faces": {
				"down": { "uv": [ 0, 6.5, 2, 12.5 ], "texture": "#voxels_atlas" },
				"up": { "uv": [ 0, 6.5, 2, 0.5 ], "texture": "#voxels_atlas" },
				"north": { "uv": [ 11.5, 9.5, 9.5, 10 ], "texture": "#voxels_atlas" },
				"south": { "uv": [ 0, 0, 2, 0.5 ], "texture": "#voxels_atlas" },
				"west": { "uv": [ 6.5, 11.5, 12.5, 12 ], "texture": "#voxels_atlas" },
				"east": { "uv": [ 12.5, 11, 6.5, 11.5 ], "texture": "#voxels_atlas" }
			}
		},
		{
			"__comment": "Voxels",
			"from": [ 9, 0, 14 ],
			"to": [ 11, 8, 15 ],
			"faces": {
				"down": { "uv": [ 4.5, 0, 5.5, 0.5 ], "texture": "#voxels_atlas" },
				"up": { "uv": [ 11.5, 10, 12.5, 9.5 ], "texture": "#voxels_atlas" },
				"north": { "uv": [ 6.5, 5.5, 5.5, 9.5 ], "texture": "#voxels_atlas" },
				"south": { "uv": [ 5.5, 1.5, 6.5, 5.5 ], "texture": "#voxels_atlas" },
				"west": { "uv": [ 9, 2.5, 9.5, 6.5 ], "texture": "#voxels_atlas" },
				"east": { "uv": [ 10, 2.5, 9.5, 6.5 ], "texture": "#voxels_atlas" }
			}
		},
		{
			"__comment": "Voxels",
			"from": [ 9, 1, 2 ],
			"to": [ 10, 8, 14 ],
			"faces": {
				"down": { "uv": [ 7.5, 3.5, 8, 9.5 ], "texture": "#voxels_atlas" },
				"up": { "uv": [ 8, 9.5, 8.5, 3.5 ], "texture": "#voxels_atlas" },
				"north": { "uv": [ 8.5, 0, 8, 3.5 ], "texture": "#voxels_atlas" },
				"south": { "uv": [ 7.5, 0, 8, 3.5 ], "texture": "#voxels_atlas" },
				"west": { "uv": [ 0, 12.5, 6, 16 ], "texture": "#voxels_atlas" },
				"east": { "uv": [ 12, 12.5, 6, 16 ], "texture": "#voxels_atlas" }
			}
		},
		{
			"__comment": "Voxels",
			"from": [ 10, 7, 2 ],
			"to": [ 13, 8, 14 ],
			"faces": {
				"down": { "uv": [ 2, 6.5, 3.5, 12.5 ], "texture": "#voxels_atlas" },
				"up": { "uv": [ 2, 6.5, 3.5, 0.5 ], "texture": "#voxels_atlas" },
				"north": { "uv": [ 14, 6, 12.5, 6.5 ], "texture": "#voxels_atlas" },
				"south": { "uv": [ 2, 0, 3.5, 0.5 ], "texture": "#voxels_atlas" },
				"west": { "uv": [ 6.5, 12, 12.5, 12.5 ], "texture": "#voxels_atlas" },
				"east": { "uv": [ 12.5, 10.5, 6.5, 11 ], "texture": "#voxels_atlas" }
			}
		},
		{
			"__comment": "Voxels",
			"from": [ 11, 1, 2 ],
			"to": [ 13, 7, 3 ],
			"faces": {
				"down": { "uv": [ 14, 6, 15, 6.5 ], "texture": "#voxels_atlas" },
				"up": { "uv": [ 6.5, 1.5, 7.5, 1 ], "texture": "#voxels_atlas" },
				"north": { "uv": [ 14.5, 9.5, 13.5, 12.5 ], "texture": "#voxels_atlas" },
				"south": { "uv": [ 14.5, 9.5, 15.5, 12.5 ], "texture": "#voxels_atlas" },
				"west": { "uv": [ 13, 6.5, 13.5, 9.5 ], "texture": "#voxels_atlas" },
				"east": { "uv": [ 16, 9.5, 15.5, 12.5 ], "texture": "#voxels_atlas" }
			}
		},
		{
			"__comment": "Voxels",
			"from": [ 11, 1, 13 ],
			"to": [ 13, 7, 14 ],
			"faces": {
				"down": { "uv": [ 3.5, 0, 4.5, 0.5 ], "texture": "#voxels_atlas" },
				"up": { "uv": [ 5.5, 0.5, 6.5, 0 ], "texture": "#voxels_atlas" },
				"north": { "uv": [ 16, 13, 15, 16 ], "texture": "#voxels_atlas" },
				"south": { "uv": [ 12.5, 9.5, 13.5, 12.5 ], "texture": "#voxels_atlas" },
				"west": { "uv": [ 12.5, 6.5, 13, 9.5 ], "texture": "#voxels_atlas" },
				"east": { "uv": [ 14, 6.5, 13.5, 9.5 ], "texture": "#voxels_atlas" }
			}
		},
		{
			"__comment": "Voxels",
			"from": [ 13, 0, 3 ],
			"to": [ 14, 8, 5 ],
			"faces": {
				"down": { "uv": [ 4.5, 0.5, 5, 1.5 ], "texture": "#voxels_atlas" },
				"up": { "uv": [ 5, 1.5, 5.5, 0.5 ], "texture": "#voxels_atlas" },
				"north": { "uv": [ 9, 2.5, 8.5, 6.5 ], "texture": "#voxels_atlas" },
				"south": { "uv": [ 11, 2.5, 11.5, 6.5 ], "texture": "#voxels_atlas" },
				"west": { "uv": [ 4.5, 1.5, 5.5, 5.5 ], "texture": "#voxels_atlas" },
				"east": { "uv": [ 4.5, 5.5, 3.5, 9.5 ], "texture": "#voxels_atlas" }
			}
		},
		{
			"__comment": "Voxels",
			"from": [ 13, 0, 5 ],
			"to": [ 15, 1, 11 ],
			"faces": {
				"down": { "uv": [ 8.5, 6.5, 9.5, 9.5 ], "texture": "#voxels_atlas" },
				"up": { "uv": [ 9.5, 9.5, 10.5, 6.5 ], "texture": "#voxels_atlas" },
				"north": { "uv": [ 7.5, 0.5, 6.5, 1 ], "texture": "#voxels_atlas" },
				"south": { "uv": [ 6.5, 0, 7.5, 0.5 ], "texture": "#voxels_atlas" },
				"west": { "uv": [ 6.5, 10, 9.5, 10.5 ], "texture": "#voxels_atlas" },
				"east": { "uv": [ 15, 12.5, 12, 13 ], "texture": "#voxels_atlas" }
			}
		},
		{
			"__comment": "Voxels",
			"from": [ 13, 0, 11 ],
			"to": [ 14, 8, 13 ],
			"faces": {
				"down": { "uv": [ 3.5, 0.5, 4, 1.5 ], "texture": "#voxels_atlas" },
				"up": { "uv": [ 4, 1.5, 4.5, 0.5 ], "texture": "#voxels_atlas" },
				"north": { "uv": [ 11, 2.5, 10.5, 6.5 ], "texture": "#voxels_atlas" },
				"south": { "uv": [ 10, 2.5, 10.5, 6.5 ], "texture": "#voxels_atlas" },
				"west": { "uv": [ 6.5, 5.5, 7.5, 9.5 ], "texture": "#voxels_atlas" },
				"east": { "uv": [ 7.5, 1.5, 6.5, 5.5 ], "texture": "#voxels_atlas" }
			}
		},
		{
			"__comment": "Voxels",
			"from": [ 13, 7, 5 ],
			"to": [ 15, 8, 11 ],
			"faces": {
				"down": { "uv": [ 10.5, 6.5, 11.5, 9.5 ], "texture": "#voxels_atlas" },
				"up": { "uv": [ 11.5, 9.5, 12.5, 6.5 ], "texture": "#voxels_atlas" },
				"north": { "uv": [ 16, 6, 15, 6.5 ], "texture": "#voxels_atlas" },
				"south": { "uv": [ 5.5, 1, 6.5, 1.5 ], "texture": "#voxels_atlas" },
				"west": { "uv": [ 9.5, 10, 12.5, 10.5 ], "texture": "#voxels_atlas" },
				"east": { "uv": [ 9.5, 9.5, 6.5, 10 ], "texture": "#voxels_atlas" }
			}
		},
		{
			"__comment": "Voxels",
			"from": [ 14, 1, 5 ],
			"to": [ 15, 7, 11 ],
			"faces": {
				"down": { "uv": [ 14, 6.5, 14.5, 9.5 ], "texture": "#voxels_atlas" },
				"up": { "uv": [ 14.5, 9.5, 15, 6.5 ], "texture": "#voxels_atlas" },
				"north": { "uv": [ 15.5, 6.5, 15, 9.5 ], "texture": "#voxels_atlas" },
				"south": { "uv": [ 15.5, 6.5, 16, 9.5 ], "texture": "#voxels_atlas" },
				"west": { "uv": [ 3.5, 9.5, 6.5, 12.5 ], "texture": "#voxels_atlas" },
				"east": { "uv": [ 15, 13, 12, 16 ], "texture": "#voxels_atlas" }
			}
		}
	]
}