{
	"__comment": "Blugon0921",
	"textures": {
		"cake": "block/cake",
		"particle": "block/cake_side"
	},
	"elements": [ 	 
		{
			"__comment": "Voxels",
			"from": [ 1, 0, 5 ],
			"to": [ 15, 1, 11 ],
			"faces": {
				"down": { "uv": [ 0, 14.5, 3.5, 16 ], "texture": "#cake" },
				"up": { "uv": [ 0, 14.5, 3.5, 13 ], "texture": "#cake" },
				"north": { "uv": [ 12.75, 14.75, 9.25, 15 ], "texture": "#cake" },
				"south": { "uv": [ 9.25, 14.5, 12.75, 14.75 ], "texture": "#cake" },
				"west": { "uv": [ 3.5, 8.25, 5, 8.5 ], "texture": "#cake" },
				"east": { "uv": [ 5, 8, 3.5, 8.25 ], "texture": "#cake" }
			}
		},
		{
			"__comment": "Voxels",
			"from": [ 1, 1, 5 ],
			"to": [ 2, 8, 11 ],
			"faces": {
				"down": { "uv": [ 3.25, 11.5, 3.5, 13 ], "texture": "#cake" },
				"up": { "uv": [ 3.25, 11.5, 3.5, 10 ], "texture": "#cake" },
				"north": { "uv": [ 10, 8.5, 9.75, 10.25 ], "texture": "#cake" },
				"south": { "uv": [ 10, 12, 10.25, 13.75 ], "texture": "#cake" },
				"west": { "uv": [ 3.5, 10.25, 5, 12 ], "texture": "#cake" },
				"east": { "uv": [ 5, 8.5, 3.5, 10.25 ], "texture": "#cake" }
			}
		},
		{
			"__comment": "Voxels",
			"from": [ 2, 0, 3 ],
			"to": [ 14, 1, 5 ],
			"faces": {
				"down": { "uv": [ 6.5, 15.5, 9.5, 16 ], "texture": "#cake" },
				"up": { "uv": [ 9.5, 16, 12.5, 15.5 ], "texture": "#cake" },
				"north": { "uv": [ 15.25, 14, 12.25, 14.25 ], "texture": "#cake" },
				"south": { "uv": [ 9.25, 14, 12.25, 14.25 ], "texture": "#cake" },
				"west": { "uv": [ 15, 13.25, 15.5, 13.5 ], "texture": "#cake" },
				"east": { "uv": [ 3.5, 8, 3, 8.25 ], "texture": "#cake" }
			}
		},
		{
			"__comment": "Voxels",
			"from": [ 2, 0, 11 ],
			"to": [ 14, 1, 13 ],
			"faces": {
				"down": { "uv": [ 12.5, 15.5, 15.5, 16 ], "texture": "#cake" },
				"up": { "uv": [ 6.5, 15.5, 9.5, 15 ], "texture": "#cake" },
				"north": { "uv": [ 15.25, 14.25, 12.25, 14.5 ], "texture": "#cake" },
				"south": { "uv": [ 9.25, 14.25, 12.25, 14.5 ], "texture": "#cake" },
				"west": { "uv": [ 15.5, 15.75, 16, 16 ], "texture": "#cake" },
				"east": { "uv": [ 15.75, 15.25, 15.25, 15.5 ], "texture": "#cake" }
			}
		},
		{
			"__comment": "Voxels",
			"from": [ 2, 1, 3 ],
			"to": [ 3, 8, 5 ],
			"faces": {
				"down": { "uv": [ 15, 15, 15.25, 15.5 ], "texture": "#cake" },
				"up": { "uv": [ 11, 8.75, 11.25, 8.25 ], "texture": "#cake" },
				"north": { "uv": [ 10.5, 12, 10.25, 13.75 ], "texture": "#cake" },
				"south": { "uv": [ 10.25, 10.25, 10.5, 12 ], "texture": "#cake" },
				"west": { "uv": [ 5, 9.5, 5.5, 11.25 ], "texture": "#cake" },
				"east": { "uv": [ 7, 12.25, 6.5, 14 ], "texture": "#cake" }
			}
		},
		{
			"__comment": "Voxels",
			"from": [ 2, 1, 11 ],
			"to": [ 3, 8, 13 ],
			"faces": {
				"down": { "uv": [ 10.25, 8.25, 10.5, 8.75 ], "texture": "#cake" },
				"up": { "uv": [ 10, 8.5, 10.25, 8 ], "texture": "#cake" },
				"north": { "uv": [ 10, 12, 9.75, 13.75 ], "texture": "#cake" },
				"south": { "uv": [ 9.75, 10.25, 10, 12 ], "texture": "#cake" },
				"west": { "uv": [ 5.5, 11.25, 6, 13 ], "texture": "#cake" },
				"east": { "uv": [ 6.5, 9.5, 6, 11.25 ], "texture": "#cake" }
			}
		},
		{
			"__comment": "Voxels",
			"from": [ 2, 7, 5 ],
			"to": [ 15, 8, 11 ],
			"faces": {
				"down": { "uv": [ 0, 10, 3.25, 11.5 ], "texture": "#cake" },
				"up": { "uv": [ 0, 13, 3.25, 11.5 ], "texture": "#cake" },
				"north": { "uv": [ 16, 14.75, 12.75, 15 ], "texture": "#cake" },
				"south": { "uv": [ 12.75, 14.5, 16, 14.75 ], "texture": "#cake" },
				"west": { "uv": [ 13.5, 13.5, 15, 13.75 ], "texture": "#cake" },
				"east": { "uv": [ 12, 13.5, 10.5, 13.75 ], "texture": "#cake" }
			}
		},
		{
			"__comment": "Voxels",
			"from": [ 3, 0, 2 ],
			"to": [ 13, 1, 3 ],
			"faces": {
				"down": { "uv": [ 6.5, 9.5, 9, 9.75 ], "texture": "#cake" },
				"up": { "uv": [ 6.5, 9.5, 9, 9.25 ], "texture": "#cake" },
				"north": { "uv": [ 9, 9, 6.5, 9.25 ], "texture": "#cake" },
				"south": { "uv": [ 6.5, 8.75, 9, 9 ], "texture": "#cake" },
				"west": { "uv": [ 9, 11, 9.25, 11.25 ], "texture": "#cake" },
				"east": { "uv": [ 9.25, 12.25, 9, 12.5 ], "texture": "#cake" }
			}
		},
		{
			"__comment": "Voxels",
			"from": [ 3, 0, 13 ],
			"to": [ 13, 1, 14 ],
			"faces": {
				"down": { "uv": [ 9.25, 13.75, 11.75, 14 ], "texture": "#cake" },
				"up": { "uv": [ 6.5, 8.75, 9, 8.5 ], "texture": "#cake" },
				"north": { "uv": [ 9, 8.25, 6.5, 8.5 ], "texture": "#cake" },
				"south": { "uv": [ 6.5, 8, 9, 8.25 ], "texture": "#cake" },
				"west": { "uv": [ 15.75, 15, 16, 15.25 ], "texture": "#cake" },
				"east": { "uv": [ 16, 15.25, 15.75, 15.5 ], "texture": "#cake" }
			}
		},
		{
			"__comment": "Voxels",
			"from": [ 3, 1, 2 ],
			"to": [ 5, 8, 3 ],
			"faces": {
				"down": { "uv": [ 15.5, 15.5, 16, 15.75 ], "texture": "#cake" },
				"up": { "uv": [ 15.5, 13.75, 16, 13.5 ], "texture": "#cake" },
				"north": { "uv": [ 3.5, 8.25, 3, 10 ], "texture": "#cake" },
				"south": { "uv": [ 5, 11.25, 5.5, 13 ], "texture": "#cake" },
				"west": { "uv": [ 9.5, 8, 9.75, 9.75 ], "texture": "#cake" },
				"east": { "uv": [ 9.5, 8, 9.25, 9.75 ], "texture": "#cake" }
			}
		},
		{
			"__comment": "Voxels",
			"from": [ 3, 1, 13 ],
			"to": [ 5, 8, 14 ],
			"faces": {
				"down": { "uv": [ 8, 12.25, 8.5, 12.5 ], "texture": "#cake" },
				"up": { "uv": [ 15.25, 15.25, 15.75, 15 ], "texture": "#cake" },
				"north": { "uv": [ 6.5, 11.25, 6, 13 ], "texture": "#cake" },
				"south": { "uv": [ 5.5, 9.5, 6, 11.25 ], "texture": "#cake" },
				"west": { "uv": [ 10, 8.5, 10.25, 10.25 ], "texture": "#cake" },
				"east": { "uv": [ 10.25, 10.25, 10, 12 ], "texture": "#cake" }
			}
		},
		{
			"__comment": "Voxels",
			"from": [ 3, 7, 3 ],
			"to": [ 14, 8, 5 ],
			"faces": {
				"down": { "uv": [ 6.5, 14, 9.25, 14.5 ], "texture": "#cake" },
				"up": { "uv": [ 9.5, 15.5, 12.25, 15 ], "texture": "#cake" },
				"north": { "uv": [ 9.25, 10.25, 6.5, 10.5 ], "texture": "#cake" },
				"south": { "uv": [ 6.5, 9.75, 9.25, 10 ], "texture": "#cake" },
				"west": { "uv": [ 7, 12.25, 7.5, 12.5 ], "texture": "#cake" },
				"east": { "uv": [ 8, 12.25, 7.5, 12.5 ], "texture": "#cake" }
			}
		},
		{
			"__comment": "Voxels",
			"from": [ 3, 7, 11 ],
			"to": [ 14, 8, 13 ],
			"faces": {
				"down": { "uv": [ 6.5, 14.5, 9.25, 15 ], "texture": "#cake" },
				"up": { "uv": [ 12.25, 15.5, 15, 15 ], "texture": "#cake" },
				"north": { "uv": [ 9.25, 10.5, 6.5, 10.75 ], "texture": "#cake" },
				"south": { "uv": [ 6.5, 10, 9.25, 10.25 ], "texture": "#cake" },
				"west": { "uv": [ 15, 13.5, 15.5, 13.75 ], "texture": "#cake" },
				"east": { "uv": [ 9, 12.25, 8.5, 12.5 ], "texture": "#cake" }
			}
		},
		{
			"__comment": "Voxels",
			"from": [ 5, 0, 1 ],
			"to": [ 11, 8, 2 ],
			"faces": {
				"down": { "uv": [ 10.5, 13.25, 12, 13.5 ], "texture": "#cake" },
				"up": { "uv": [ 12, 13.5, 13.5, 13.25 ], "texture": "#cake" },
				"north": { "uv": [ 3, 8, 1.5, 10 ], "texture": "#cake" },
				"south": { "uv": [ 3.5, 14, 5, 16 ], "texture": "#cake" },
				"west": { "uv": [ 9.5, 9.75, 9.75, 11.75 ], "texture": "#cake" },
				"east": { "uv": [ 9.5, 11.75, 9.25, 13.75 ], "texture": "#cake" }
			}
		},
		{
			"__comment": "Voxels",
			"from": [ 5, 0, 14 ],
			"to": [ 11, 8, 15 ],
			"faces": {
				"down": { "uv": [ 12, 13.5, 13.5, 13.75 ], "texture": "#cake" },
				"up": { "uv": [ 13.5, 13.5, 15, 13.25 ], "texture": "#cake" },
				"north": { "uv": [ 5, 12, 3.5, 14 ], "texture": "#cake" },
				"south": { "uv": [ 0, 8, 1.5, 10 ], "texture": "#cake" },
				"west": { "uv": [ 9.25, 9.75, 9.5, 11.75 ], "texture": "#cake" },
				"east": { "uv": [ 9.75, 11.75, 9.5, 13.75 ], "texture": "#cake" }
			}
		},
		{
			"__comment": "Voxels",
			"from": [ 5, 7, 2 ],
			"to": [ 13, 8, 3 ],
			"faces": {
				"down": { "uv": [ 7, 12, 9, 12.25 ], "texture": "#cake" },
				"up": { "uv": [ 7, 12, 9, 11.75 ], "texture": "#cake" },
				"north": { "uv": [ 9, 11.5, 7, 11.75 ], "texture": "#cake" },
				"south": { "uv": [ 7, 11.25, 9, 11.5 ], "texture": "#cake" },
				"west": { "uv": [ 9, 12, 9.25, 12.25 ], "texture": "#cake" },
				"east": { "uv": [ 9.25, 11.75, 9, 12 ], "texture": "#cake" }
			}
		},
		{
			"__comment": "Voxels",
			"from": [ 5, 7, 13 ],
			"to": [ 13, 8, 14 ],
			"faces": {
				"down": { "uv": [ 7, 11, 9, 11.25 ], "texture": "#cake" },
				"up": { "uv": [ 7, 11, 9, 10.75 ], "texture": "#cake" },
				"north": { "uv": [ 13.75, 13.75, 11.75, 14 ], "texture": "#cake" },
				"south": { "uv": [ 13.75, 13.75, 15.75, 14 ], "texture": "#cake" },
				"west": { "uv": [ 9, 11.25, 9.25, 11.5 ], "texture": "#cake" },
				"east": { "uv": [ 9.25, 11.5, 9, 11.75 ], "texture": "#cake" }
			}
		},
		{
			"__comment": "Voxels",
			"from": [ 11, 1, 2 ],
			"to": [ 13, 7, 3 ],
			"faces": {
				"down": { "uv": [ 15.5, 13.25, 16, 13.5 ], "texture": "#cake" },
				"up": { "uv": [ 11.5, 13.25, 12, 13 ], "texture": "#cake" },
				"north": { "uv": [ 7, 10.75, 6.5, 12.25 ], "texture": "#cake" },
				"south": { "uv": [ 8.5, 12.5, 9, 14 ], "texture": "#cake" },
				"west": { "uv": [ 10.25, 8.75, 10.5, 10.25 ], "texture": "#cake" },
				"east": { "uv": [ 10.75, 11.75, 10.5, 13.25 ], "texture": "#cake" }
			}
		},
		{
			"__comment": "Voxels",
			"from": [ 11, 1, 13 ],
			"to": [ 13, 7, 14 ],
			"faces": {
				"down": { "uv": [ 15.25, 14, 15.75, 14.25 ], "texture": "#cake" },
				"up": { "uv": [ 15.25, 14.5, 15.75, 14.25 ], "texture": "#cake" },
				"north": { "uv": [ 6.5, 8, 6, 9.5 ], "texture": "#cake" },
				"south": { "uv": [ 5.5, 8, 6, 9.5 ], "texture": "#cake" },
				"west": { "uv": [ 10.5, 10.25, 10.75, 11.75 ], "texture": "#cake" },
				"east": { "uv": [ 10.75, 8.75, 10.5, 10.25 ], "texture": "#cake" }
			}
		},
		{
			"__comment": "Voxels",
			"from": [ 13, 1, 3 ],
			"to": [ 14, 7, 5 ],
			"faces": {
				"down": { "uv": [ 9.75, 8, 10, 8.5 ], "texture": "#cake" },
				"up": { "uv": [ 11.25, 11.75, 11.5, 11.25 ], "texture": "#cake" },
				"north": { "uv": [ 11, 11.75, 10.75, 13.25 ], "texture": "#cake" },
				"south": { "uv": [ 10.75, 10.25, 11, 11.75 ], "texture": "#cake" },
				"west": { "uv": [ 5, 8, 5.5, 9.5 ], "texture": "#cake" },
				"east": { "uv": [ 7.5, 12.5, 7, 14 ], "texture": "#cake" }
			}
		},
		{
			"__comment": "Voxels",
			"from": [ 13, 1, 11 ],
			"to": [ 14, 7, 13 ],
			"faces": {
				"down": { "uv": [ 10.5, 8.25, 10.75, 8.75 ], "texture": "#cake" },
				"up": { "uv": [ 10.75, 8.75, 11, 8.25 ], "texture": "#cake" },
				"north": { "uv": [ 11, 8.75, 10.75, 10.25 ], "texture": "#cake" },
				"south": { "uv": [ 9, 12.5, 9.25, 14 ], "texture": "#cake" },
				"west": { "uv": [ 7.5, 12.5, 8, 14 ], "texture": "#cake" },
				"east": { "uv": [ 8.5, 12.5, 8, 14 ], "texture": "#cake" }
			}
		},
		{
			"__comment": "Voxels",
			"from": [ 14, 1, 5 ],
			"to": [ 15, 7, 11 ],
			"faces": {
				"down": { "uv": [ 11, 11.75, 11.25, 13.25 ], "texture": "#cake" },
				"up": { "uv": [ 11, 11.75, 11.25, 10.25 ], "texture": "#cake" },
				"north": { "uv": [ 11.25, 8.75, 11, 10.25 ], "texture": "#cake" },
				"south": { "uv": [ 11.25, 11.75, 11.5, 13.25 ], "texture": "#cake" },
				"west": { "uv": [ 5, 13, 6.5, 14.5 ], "texture": "#cake" },
				"east": { "uv": [ 6.5, 14.5, 5, 16 ], "texture": "#cake" }
			}
		}
	]
}