{
	"__comment": "Blugon0921",
	"textures": {
		"voxels_atlas": "block/cake_slice3",
		"particle": "block/cake_inner"
	},
	"elements": [ 	 
		{
			"__comment": "Voxels",
			"from": [ 7, 0, 1 ],
			"to": [ 11, 8, 2 ],
			"faces": {
				"down": { "uv": [ 0.75, 8.25, 1.75, 8.5 ], "texture": "#voxels_atlas" },
				"up": { "uv": [ 3.75, 8.5, 4.75, 8.25 ], "texture": "#voxels_atlas" },
				"north": { "uv": [ 1, 9.25, 0, 11.25 ], "texture": "#voxels_atlas" },
				"south": { "uv": [ 1, 9.25, 2, 11.25 ], "texture": "#voxels_atlas" },
				"west": { "uv": [ 6.5, 9.25, 6.75, 11.25 ], "texture": "#voxels_atlas" },
				"east": { "uv": [ 6.5, 9.25, 6.25, 11.25 ], "texture": "#voxels_atlas" }
			}
		},
		{
			"__comment": "Voxels",
			"from": [ 7, 0, 2 ],
			"to": [ 13, 1, 14 ],
			"faces": {
				"down": { "uv": [ 0, 11.25, 1.5, 14.25 ], "texture": "#voxels_atlas" },
				"up": { "uv": [ 1.5, 14.25, 3, 11.25 ], "texture": "#voxels_atlas" },
				"north": { "uv": [ 7.5, 14.25, 6, 14.5 ], "texture": "#voxels_atlas" },
				"south": { "uv": [ 6, 9, 7.5, 9.25 ], "texture": "#voxels_atlas" },
				"west": { "uv": [ 0, 9, 3, 9.25 ], "texture": "#voxels_atlas" },
				"east": { "uv": [ 6, 9, 3, 9.25 ], "texture": "#voxels_atlas" }
			}
		},
		{
			"__comment": "Voxels",
			"from": [ 7, 0, 14 ],
			"to": [ 11, 8, 15 ],
			"faces": {
				"down": { "uv": [ 2.75, 8.25, 3.75, 8.5 ], "texture": "#voxels_atlas" },
				"up": { "uv": [ 1.75, 8.5, 2.75, 8.25 ], "texture": "#voxels_atlas" },
				"north": { "uv": [ 3, 9.25, 2, 11.25 ], "texture": "#voxels_atlas" },
				"south": { "uv": [ 3, 9.25, 4, 11.25 ], "texture": "#voxels_atlas" },
				"west": { "uv": [ 6, 9.25, 6.25, 11.25 ], "texture": "#voxels_atlas" },
				"east": { "uv": [ 8, 9.25, 7.75, 11.25 ], "texture": "#voxels_atlas" }
			}
		},
		{
			"__comment": "Voxels",
			"from": [ 7, 1, 2 ],
			"to": [ 8, 8, 14 ],
			"faces": {
				"down": { "uv": [ 0, 3, 0.25, 6 ], "texture": "#voxels_atlas" },
				"up": { "uv": [ 0, 9, 0.25, 6 ], "texture": "#voxels_atlas" },
				"north": { "uv": [ 0.5, 7, 0.25, 8.75 ], "texture": "#voxels_atlas" },
				"south": { "uv": [ 0, 1.25, 0.25, 3 ], "texture": "#voxels_atlas" },
				"west": { "uv": [ 3, 14.25, 6, 16 ], "texture": "#voxels_atlas" },
				"east": { "uv": [ 3, 14.25, 0, 16 ], "texture": "#voxels_atlas" }
			}
		},
		{
			"__comment": "Voxels",
			"from": [ 8, 7, 2 ],
			"to": [ 13, 8, 14 ],
			"faces": {
				"down": { "uv": [ 4.25, 11.25, 5.5, 14.25 ], "texture": "#voxels_atlas" },
				"up": { "uv": [ 3, 14.25, 4.25, 11.25 ], "texture": "#voxels_atlas" },
				"north": { "uv": [ 6.25, 8.5, 5, 8.75 ], "texture": "#voxels_atlas" },
				"south": { "uv": [ 6.25, 8.5, 7.5, 8.75 ], "texture": "#voxels_atlas" },
				"west": { "uv": [ 0.25, 8.75, 3.25, 9 ], "texture": "#voxels_atlas" },
				"east": { "uv": [ 6.25, 8.75, 3.25, 9 ], "texture": "#voxels_atlas" }
			}
		},
		{
			"__comment": "Voxels",
			"from": [ 11, 1, 2 ],
			"to": [ 13, 7, 3 ],
			"faces": {
				"down": { "uv": [ 5.75, 8.25, 6.25, 8.5 ], "texture": "#voxels_atlas" },
				"up": { "uv": [ 7.5, 14.5, 8, 14.25 ], "texture": "#voxels_atlas" },
				"north": { "uv": [ 6.5, 11.25, 6, 12.75 ], "texture": "#voxels_atlas" },
				"south": { "uv": [ 6.5, 11.25, 7, 12.75 ], "texture": "#voxels_atlas" },
				"west": { "uv": [ 0.25, 5.5, 0.5, 7 ], "texture": "#voxels_atlas" },
				"east": { "uv": [ 0.5, 4, 0.25, 5.5 ], "texture": "#voxels_atlas" }
			}
		},
		{
			"__comment": "Voxels",
			"from": [ 11, 1, 13 ],
			"to": [ 13, 7, 14 ],
			"faces": {
				"down": { "uv": [ 7.5, 9, 8, 9.25 ], "texture": "#voxels_atlas" },
				"up": { "uv": [ 6.25, 8.5, 6.75, 8.25 ], "texture": "#voxels_atlas" },
				"north": { "uv": [ 8, 12.75, 7.5, 14.25 ], "texture": "#voxels_atlas" },
				"south": { "uv": [ 7, 12.75, 7.5, 14.25 ], "texture": "#voxels_atlas" },
				"west": { "uv": [ 0.25, 2.5, 0.5, 4 ], "texture": "#voxels_atlas" },
				"east": { "uv": [ 0.5, 1, 0.25, 2.5 ], "texture": "#voxels_atlas" }
			}
		},
		{
			"__comment": "Voxels",
			"from": [ 13, 0, 3 ],
			"to": [ 14, 8, 5 ],
			"faces": {
				"down": { "uv": [ 0.25, 0.5, 0.5, 1 ], "texture": "#voxels_atlas" },
				"up": { "uv": [ 0.25, 0.5, 0.5, 0 ], "texture": "#voxels_atlas" },
				"north": { "uv": [ 7.5, 9.25, 7.25, 11.25 ], "texture": "#voxels_atlas" },
				"south": { "uv": [ 7.5, 9.25, 7.75, 11.25 ], "texture": "#voxels_atlas" },
				"west": { "uv": [ 4.5, 9.25, 5, 11.25 ], "texture": "#voxels_atlas" },
				"east": { "uv": [ 4.5, 9.25, 4, 11.25 ], "texture": "#voxels_atlas" }
			}
		},
		{
			"__comment": "Voxels",
			"from": [ 13, 0, 5 ],
			"to": [ 15, 1, 11 ],
			"faces": {
				"down": { "uv": [ 7.5, 14.5, 8, 16 ], "texture": "#voxels_atlas" },
				"up": { "uv": [ 5.5, 12.75, 6, 11.25 ], "texture": "#voxels_atlas" },
				"north": { "uv": [ 5.25, 8.25, 4.75, 8.5 ], "texture": "#voxels_atlas" },
				"south": { "uv": [ 5.25, 8.25, 5.75, 8.5 ], "texture": "#voxels_atlas" },
				"west": { "uv": [ 3.5, 8.5, 5, 8.75 ], "texture": "#voxels_atlas" },
				"east": { "uv": [ 7.75, 8.75, 6.25, 9 ], "texture": "#voxels_atlas" }
			}
		},
		{
			"__comment": "Voxels",
			"from": [ 13, 0, 11 ],
			"to": [ 14, 8, 13 ],
			"faces": {
				"down": { "uv": [ 0, 0.75, 0.25, 1.25 ], "texture": "#voxels_atlas" },
				"up": { "uv": [ 0, 0.75, 0.25, 0.25 ], "texture": "#voxels_atlas" },
				"north": { "uv": [ 7, 9.25, 6.75, 11.25 ], "texture": "#voxels_atlas" },
				"south": { "uv": [ 7, 9.25, 7.25, 11.25 ], "texture": "#voxels_atlas" },
				"west": { "uv": [ 5, 9.25, 5.5, 11.25 ], "texture": "#voxels_atlas" },
				"east": { "uv": [ 6, 9.25, 5.5, 11.25 ], "texture": "#voxels_atlas" }
			}
		},
		{
			"__comment": "Voxels",
			"from": [ 13, 7, 5 ],
			"to": [ 15, 8, 11 ],
			"faces": {
				"down": { "uv": [ 7, 11.25, 7.5, 12.75 ], "texture": "#voxels_atlas" },
				"up": { "uv": [ 7.5, 12.75, 8, 11.25 ], "texture": "#voxels_atlas" },
				"north": { "uv": [ 7.25, 8.25, 6.75, 8.5 ], "texture": "#voxels_atlas" },
				"south": { "uv": [ 7.5, 8.5, 8, 8.75 ], "texture": "#voxels_atlas" },
				"west": { "uv": [ 0.5, 8.5, 2, 8.75 ], "texture": "#voxels_atlas" },
				"east": { "uv": [ 3.5, 8.5, 2, 8.75 ], "texture": "#voxels_atlas" }
			}
		},
		{
			"__comment": "Voxels",
			"from": [ 14, 1, 5 ],
			"to": [ 15, 7, 11 ],
			"faces": {
				"down": { "uv": [ 0.5, 7, 0.75, 8.5 ], "texture": "#voxels_atlas" },
				"up": { "uv": [ 0.5, 7, 0.75, 5.5 ], "texture": "#voxels_atlas" },
				"north": { "uv": [ 0.75, 4, 0.5, 5.5 ], "texture": "#voxels_atlas" },
				"south": { "uv": [ 0.5, 2.5, 0.75, 4 ], "texture": "#voxels_atlas" },
				"west": { "uv": [ 6, 14.5, 7.5, 16 ], "texture": "#voxels_atlas" },
				"east": { "uv": [ 7, 12.75, 5.5, 14.25 ], "texture": "#voxels_atlas" }
			}
		}
	]
}