{
	"__comment": "Blugon0921",
	"textures": {
		"voxels_atlas": "block/cake_slice6",
		"particle": "block/cake_inner"
	},
	"elements": [ 	 
		{
			"__comment": "Voxels",
			"from": [ 13, 0, 3 ],
			"to": [ 14, 8, 13 ],
			"faces": {
				"down": { "uv": [ 8, 11, 8.5, 16 ], "texture": "#voxels_atlas" },
				"up": { "uv": [ 8.5, 16, 9, 11 ], "texture": "#voxels_atlas" },
				"north": { "uv": [ 9.5, 12, 9, 16 ], "texture": "#voxels_atlas" },
				"south": { "uv": [ 9, 8, 9.5, 12 ], "texture": "#voxels_atlas" },
				"west": { "uv": [ 0, 12, 5, 16 ], "texture": "#voxels_atlas" },
				"east": { "uv": [ 5, 8, 0, 12 ], "texture": "#voxels_atlas" }
			}
		},
		{
			"__comment": "Voxels",
			"from": [ 14, 0, 5 ],
			"to": [ 15, 8, 11 ],
			"faces": {
				"down": { "uv": [ 8, 8, 8.5, 11 ], "texture": "#voxels_atlas" },
				"up": { "uv": [ 8.5, 11, 9, 8 ], "texture": "#voxels_atlas" },
				"north": { "uv": [ 10, 12, 9.5, 16 ], "texture": "#voxels_atlas" },
				"south": { "uv": [ 9.5, 8, 10, 12 ], "texture": "#voxels_atlas" },
				"west": { "uv": [ 5, 12, 8, 16 ], "texture": "#voxels_atlas" },
				"east": { "uv": [ 8, 8, 5, 12 ], "texture": "#voxels_atlas" }
			}
		}
	]
}