{
	"__comment": "Blugon0921",
	"textures": {
		"voxels_atlas": "block/cake_slice2",
		"particle": "block/cake_inner"
	},
	"elements": [ 	 
		{
			"__comment": "Voxels",
			"from": [ 5, 0, 1 ],
			"to": [ 11, 8, 2 ],
			"faces": {
				"down": { "uv": [ 3.75, 8.75, 5.25, 9 ], "texture": "#voxels_atlas" },
				"up": { "uv": [ 5.25, 9, 6.75, 8.75 ], "texture": "#voxels_atlas" },
				"north": { "uv": [ 1.5, 8, 0, 10 ], "texture": "#voxels_atlas" },
				"south": { "uv": [ 2, 8, 3.5, 10 ], "texture": "#voxels_atlas" },
				"west": { "uv": [ 8.5, 13.5, 8.75, 15.5 ], "texture": "#voxels_atlas" },
				"east": { "uv": [ 3.75, 8, 3.5, 10 ], "texture": "#voxels_atlas" }
			}
		},
		{
			"__comment": "Voxels",
			"from": [ 5, 0, 2 ],
			"to": [ 13, 1, 14 ],
			"faces": {
				"down": { "uv": [ 0, 13, 2, 16 ], "texture": "#voxels_atlas" },
				"up": { "uv": [ 0, 13, 2, 10 ], "texture": "#voxels_atlas" },
				"north": { "uv": [ 15.25, 15.75, 13.25, 16 ], "texture": "#voxels_atlas" },
				"south": { "uv": [ 13.75, 15.5, 15.75, 15.75 ], "texture": "#voxels_atlas" },
				"west": { "uv": [ 10.75, 15.5, 13.75, 15.75 ], "texture": "#voxels_atlas" },
				"east": { "uv": [ 10.25, 15.75, 7.25, 16 ], "texture": "#voxels_atlas" }
			}
		},
		{
			"__comment": "Voxels",
			"from": [ 5, 0, 14 ],
			"to": [ 11, 8, 15 ],
			"faces": {
				"down": { "uv": [ 3.75, 8.25, 5.25, 8.5 ], "texture": "#voxels_atlas" },
				"up": { "uv": [ 3.75, 8.75, 5.25, 8.5 ], "texture": "#voxels_atlas" },
				"north": { "uv": [ 6.75, 10.5, 5.25, 12.5 ], "texture": "#voxels_atlas" },
				"south": { "uv": [ 3.75, 10.5, 5.25, 12.5 ], "texture": "#voxels_atlas" },
				"west": { "uv": [ 8.75, 13.5, 9, 15.5 ], "texture": "#voxels_atlas" },
				"east": { "uv": [ 8.75, 11.5, 8.5, 13.5 ], "texture": "#voxels_atlas" }
			}
		},
		{
			"__comment": "Voxels",
			"from": [ 5, 1, 2 ],
			"to": [ 6, 8, 14 ],
			"faces": {
				"down": { "uv": [ 7.5, 11.25, 7.75, 14.25 ], "texture": "#voxels_atlas" },
				"up": { "uv": [ 7.25, 14.25, 7.5, 11.25 ], "texture": "#voxels_atlas" },
				"north": { "uv": [ 9, 11.75, 8.75, 13.5 ], "texture": "#voxels_atlas" },
				"south": { "uv": [ 8.75, 10, 9, 11.75 ], "texture": "#voxels_atlas" },
				"west": { "uv": [ 3.75, 12.5, 6.75, 14.25 ], "texture": "#voxels_atlas" },
				"east": { "uv": [ 6.75, 14.25, 3.75, 16 ], "texture": "#voxels_atlas" }
			}
		},
		{
			"__comment": "Voxels",
			"from": [ 6, 7, 2 ],
			"to": [ 13, 8, 14 ],
			"faces": {
				"down": { "uv": [ 2, 10, 3.75, 13 ], "texture": "#voxels_atlas" },
				"up": { "uv": [ 2, 16, 3.75, 13 ], "texture": "#voxels_atlas" },
				"north": { "uv": [ 12.5, 15.25, 10.75, 15.5 ], "texture": "#voxels_atlas" },
				"south": { "uv": [ 9, 15.25, 10.75, 15.5 ], "texture": "#voxels_atlas" },
				"west": { "uv": [ 10.25, 15.75, 13.25, 16 ], "texture": "#voxels_atlas" },
				"east": { "uv": [ 10.75, 15.5, 7.75, 15.75 ], "texture": "#voxels_atlas" }
			}
		},
		{
			"__comment": "Voxels",
			"from": [ 11, 1, 2 ],
			"to": [ 13, 7, 3 ],
			"faces": {
				"down": { "uv": [ 15.25, 15.75, 15.75, 16 ], "texture": "#voxels_atlas" },
				"up": { "uv": [ 6.75, 8.5, 7.25, 8.25 ], "texture": "#voxels_atlas" },
				"north": { "uv": [ 8.25, 14, 7.75, 15.5 ], "texture": "#voxels_atlas" },
				"south": { "uv": [ 7.75, 9.5, 8.25, 11 ], "texture": "#voxels_atlas" },
				"west": { "uv": [ 8, 8, 8.25, 9.5 ], "texture": "#voxels_atlas" },
				"east": { "uv": [ 8, 8, 7.75, 9.5 ], "texture": "#voxels_atlas" }
			}
		},
		{
			"__comment": "Voxels",
			"from": [ 11, 1, 13 ],
			"to": [ 13, 7, 14 ],
			"faces": {
				"down": { "uv": [ 6.75, 8, 7.25, 8.25 ], "texture": "#voxels_atlas" },
				"up": { "uv": [ 13, 15.5, 13.5, 15.25 ], "texture": "#voxels_atlas" },
				"north": { "uv": [ 7.75, 8.25, 7.25, 9.75 ], "texture": "#voxels_atlas" },
				"south": { "uv": [ 7.25, 9.75, 7.75, 11.25 ], "texture": "#voxels_atlas" },
				"west": { "uv": [ 8.25, 8, 8.5, 9.5 ], "texture": "#voxels_atlas" },
				"east": { "uv": [ 8.75, 8, 8.5, 9.5 ], "texture": "#voxels_atlas" }
			}
		},
		{
			"__comment": "Voxels",
			"from": [ 13, 0, 3 ],
			"to": [ 14, 8, 5 ],
			"faces": {
				"down": { "uv": [ 9, 9.75, 9.25, 10.25 ], "texture": "#voxels_atlas" },
				"up": { "uv": [ 9, 9.75, 9.25, 9.25 ], "texture": "#voxels_atlas" },
				"north": { "uv": [ 8.5, 13.5, 8.25, 15.5 ], "texture": "#voxels_atlas" },
				"south": { "uv": [ 8.5, 9.5, 8.75, 11.5 ], "texture": "#voxels_atlas" },
				"west": { "uv": [ 6.75, 14, 7.25, 16 ], "texture": "#voxels_atlas" },
				"east": { "uv": [ 7.25, 12, 6.75, 14 ], "texture": "#voxels_atlas" }
			}
		},
		{
			"__comment": "Voxels",
			"from": [ 13, 0, 5 ],
			"to": [ 15, 1, 11 ],
			"faces": {
				"down": { "uv": [ 7.25, 14.25, 7.75, 15.75 ], "texture": "#voxels_atlas" },
				"up": { "uv": [ 6.75, 10, 7.25, 8.5 ], "texture": "#voxels_atlas" },
				"north": { "uv": [ 7.75, 8, 7.25, 8.25 ], "texture": "#voxels_atlas" },
				"south": { "uv": [ 12.5, 15.25, 13, 15.5 ], "texture": "#voxels_atlas" },
				"west": { "uv": [ 3.75, 8, 5.25, 8.25 ], "texture": "#voxels_atlas" },
				"east": { "uv": [ 6.75, 8.5, 5.25, 8.75 ], "texture": "#voxels_atlas" }
			}
		},
		{
			"__comment": "Voxels",
			"from": [ 13, 0, 11 ],
			"to": [ 14, 8, 13 ],
			"faces": {
				"down": { "uv": [ 8.75, 8, 9, 8.5 ], "texture": "#voxels_atlas" },
				"up": { "uv": [ 9, 10.75, 9.25, 10.25 ], "texture": "#voxels_atlas" },
				"north": { "uv": [ 8.5, 11.5, 8.25, 13.5 ], "texture": "#voxels_atlas" },
				"south": { "uv": [ 8.25, 9.5, 8.5, 11.5 ], "texture": "#voxels_atlas" },
				"west": { "uv": [ 1.5, 8, 2, 10 ], "texture": "#voxels_atlas" },
				"east": { "uv": [ 7.25, 10, 6.75, 12 ], "texture": "#voxels_atlas" }
			}
		},
		{
			"__comment": "Voxels",
			"from": [ 13, 7, 5 ],
			"to": [ 15, 8, 11 ],
			"faces": {
				"down": { "uv": [ 7.75, 12.5, 8.25, 14 ], "texture": "#voxels_atlas" },
				"up": { "uv": [ 7.75, 12.5, 8.25, 11 ], "texture": "#voxels_atlas" },
				"north": { "uv": [ 14.5, 15.25, 14, 15.5 ], "texture": "#voxels_atlas" },
				"south": { "uv": [ 13.5, 15.25, 14, 15.5 ], "texture": "#voxels_atlas" },
				"west": { "uv": [ 5.25, 8.25, 6.75, 8.5 ], "texture": "#voxels_atlas" },
				"east": { "uv": [ 6.75, 8, 5.25, 8.25 ], "texture": "#voxels_atlas" }
			}
		},
		{
			"__comment": "Voxels",
			"from": [ 14, 1, 5 ],
			"to": [ 15, 7, 11 ],
			"faces": {
				"down": { "uv": [ 8.75, 8.5, 9, 10 ], "texture": "#voxels_atlas" },
				"up": { "uv": [ 9, 15.25, 9.25, 13.75 ], "texture": "#voxels_atlas" },
				"north": { "uv": [ 9.25, 12.25, 9, 13.75 ], "texture": "#voxels_atlas" },
				"south": { "uv": [ 9, 10.75, 9.25, 12.25 ], "texture": "#voxels_atlas" },
				"west": { "uv": [ 3.75, 9, 5.25, 10.5 ], "texture": "#voxels_atlas" },
				"east": { "uv": [ 6.75, 9, 5.25, 10.5 ], "texture": "#voxels_atlas" }
			}
		}
	]
}